<keymap version="1" name="Default copy" parent="$default">
  <action id="Arrangement.Alias.Rule.Edit" />
  <action id="Arrangement.Rule.Edit" />
  <action id="ChangesView.Rename">
    <keyboard-shortcut first-keystroke="shift f6" />
  </action>
  <action id="ChooseDebugConfiguration">
    <keyboard-shortcut first-keystroke="shift alt f9" />
    <keyboard-shortcut first-keystroke="f5" />
  </action>
  <action id="Console.TableResult.EditValue">
    <keyboard-shortcut first-keystroke="enter" />
    <keyboard-shortcut first-keystroke="alt enter" />
  </action>
  <action id="Console.TableResult.NavigateAction" />
  <action id="CopyElement" />
  <action id="DSM.OpenInEditor" />
  <action id="DatabaseView.CopyTable" />
  <action id="Debugger.EditArrayFilter" />
  <action id="Debugger.EditFrameSource" />
  <action id="Debugger.PopFrame">
    <keyboard-shortcut first-keystroke="f4" />
  </action>
  <action id="DomCollectionControl.Edit" />
  <action id="DomElementsTreeView.GotoDomElementDeclarationAction" />
  <action id="EditSource" />
  <action id="ExternalSystem.OpenConfig" />
  <action id="Git.Reword.Commit">
    <keyboard-shortcut first-keystroke="shift f6" />
  </action>
  <action id="GotoDeclaration">
    <keyboard-shortcut first-keystroke="ctrl b" />
    <mouse-shortcut keystroke="control button1" />
    <mouse-shortcut keystroke="button2" />
    <keyboard-shortcut first-keystroke="f12" />
  </action>
  <action id="GotoNextError" />
  <action id="GotoNextIncompletePropertyAction" />
  <action id="GotoPreviousError" />
  <action id="Graph.Faces.OpenSelectedPages" />
  <action id="GuiDesigner.EditComponent" />
  <action id="GuiDesigner.EditGroup" />
  <action id="Jdbc.OpenEditor" />
  <action id="JumpToLastWindow" />
  <action id="OpenModuleSettings" />
  <action id="RemoteHostView.EditSource" />
  <action id="RenameElement">
    <keyboard-shortcut first-keystroke="shift f6" />
    <keyboard-shortcut first-keystroke="f2" />
  </action>
  <action id="RunDashboard.EditConfiguration" />
  <action id="ShelvedChanges.Rename">
    <keyboard-shortcut first-keystroke="shift f6" />
  </action>
  <action id="ShowBookmarks" />
  <action id="SmartStepInto">
    <keyboard-shortcut first-keystroke="shift f7" />
    <keyboard-shortcut first-keystroke="shift ctrl f11" />
  </action>
  <action id="StepInto">
    <keyboard-shortcut first-keystroke="f7" />
    <keyboard-shortcut first-keystroke="f11" />
  </action>
  <action id="StepOut">
    <keyboard-shortcut first-keystroke="shift f8" />
    <keyboard-shortcut first-keystroke="shift f11" />
  </action>
  <action id="StepOver">
    <keyboard-shortcut first-keystroke="f8" />
    <keyboard-shortcut first-keystroke="f10" />
  </action>
  <action id="ToggleBookmark" />
  <action id="UML.ApplyCurrentLayout" />
  <action id="Vcs.EditSource" />
  <action id="XDebugger.EditWatch" />
  <action id="XDebugger.JumpToSource" />
  <action id="XDebugger.SetValue">
    <keyboard-shortcut first-keystroke="shift f2" />
  </action>
</keymap>